PRAGMA foreign_keys = ON;

insert into Agenda(data) values ('2019-04-15');
insert into Agenda(data) values ('2019-04-16');
insert into Agenda(data) values ('2019-04-17');
insert into Agenda(data) values ('2019-04-18');
insert into Agenda(data) values ('2019-04-19');
insert into Agenda(data) values ('2019-04-20');
insert into Agenda(data) values ('2019-04-21');
insert into Agenda(data) values ('2019-04-22');
insert into Agenda(data) values ('2019-04-23');
insert into Agenda(data) values ('2019-04-24');
insert into Agenda(data) values ('2019-04-25');
insert into Agenda(data) values ('2019-04-26');
insert into Agenda(data) values ('2019-04-27');
insert into Agenda(data) values ('2019-04-28');
insert into Agenda(data) values ('2019-04-29');
insert into Agenda(data) values ('2019-04-30');
insert into Agenda(data) values ('2019-05-01');
insert into Agenda(data) values ('2019-05-02');
insert into Agenda(data) values ('2019-05-03');
insert into Agenda(data) values ('2019-05-04');
insert into Agenda(data) values ('2019-05-05');
insert into Agenda(data) values ('2019-05-06');
insert into Agenda(data) values ('2019-05-07');
insert into Agenda(data) values ('2019-05-08');
insert into Agenda(data) values ('2019-05-09');
insert into Agenda(data) values ('2019-05-10');
insert into Agenda(data) values ('2019-05-11');
insert into Agenda(data) values ('2019-05-12');
insert into Agenda(data) values ('2019-05-13');
insert into Agenda(data) values ('2019-05-14');
insert into Agenda(data) values ('2019-05-15');
insert into Agenda(data) values ('2019-05-16');
insert into Agenda(data) values ('2019-05-17');
insert into Agenda(data) values ('2019-05-18');
insert into Agenda(data) values ('2019-05-19');
insert into Agenda(data) values ('2019-05-20');
insert into Agenda(data) values ('2019-05-21');
insert into Agenda(data) values ('2019-05-22');
insert into Agenda(data) values ('2019-05-23');
insert into Agenda(data) values ('2019-05-24');
insert into Agenda(data) values ('2019-05-25');
insert into Agenda(data) values ('2019-05-26');
insert into Agenda(data) values ('2019-05-27');
insert into Agenda(data) values ('2019-05-28');
insert into Agenda(data) values ('2019-05-29');
insert into Agenda(data) values ('2019-05-30');
insert into Agenda(data) values ('2019-05-31');
insert into Agenda(data) values ('2019-06-01');
insert into Agenda(data) values ('2019-06-02');
insert into Agenda(data) values ('2019-06-03');
insert into Agenda(data) values ('2019-06-04');
insert into Agenda(data) values ('2019-06-05');
insert into Agenda(data) values ('2019-06-06');
insert into Agenda(data) values ('2019-06-07');
insert into Agenda(data) values ('2019-06-08');
insert into Agenda(data) values ('2019-06-09');
insert into Agenda(data) values ('2019-06-10');
insert into Agenda(data) values ('2019-06-11');
insert into Agenda(data) values ('2019-06-12');
insert into Agenda(data) values ('2019-06-13');
insert into Agenda(data) values ('2019-06-14');
insert into Agenda(data) values ('2019-06-15');
insert into Agenda(data) values ('2019-06-16');
insert into Agenda(data) values ('2019-06-17');
insert into Agenda(data) values ('2019-06-18');
insert into Agenda(data) values ('2019-06-19');
insert into Agenda(data) values ('2019-06-20');
insert into Agenda(data) values ('2019-06-21');
insert into Agenda(data) values ('2019-06-22');
insert into Agenda(data) values ('2019-06-23');
insert into Agenda(data) values ('2019-06-24');
insert into Agenda(data) values ('2019-06-25');
insert into Agenda(data) values ('2019-06-26');
insert into Agenda(data) values ('2019-06-27');
insert into Agenda(data) values ('2019-06-28');
insert into Agenda(data) values ('2019-06-29');
insert into Agenda(data) values ('2019-06-30');
insert into Agenda(data) values ('2019-07-01');
insert into Agenda(data) values ('2019-07-02');
insert into Agenda(data) values ('2019-07-03');
insert into Agenda(data) values ('2019-07-04');
insert into Agenda(data) values ('2019-07-05');
insert into Agenda(data) values ('2019-07-06');
insert into Agenda(data) values ('2019-07-07');
insert into Agenda(data) values ('2019-07-08');
insert into Agenda(data) values ('2019-07-09');
insert into Agenda(data) values ('2019-07-10');
insert into Agenda(data) values ('2019-07-11');
insert into Agenda(data) values ('2019-07-12');
insert into Agenda(data) values ('2019-07-13');
insert into Agenda(data) values ('2019-07-14');
insert into Agenda(data) values ('2019-07-15');
insert into Agenda(data) values ('2019-07-16');
insert into Agenda(data) values ('2019-07-17');
insert into Agenda(data) values ('2019-07-18');
insert into Agenda(data) values ('2019-07-19');
insert into Agenda(data) values ('2019-07-20');
insert into Agenda(data) values ('2019-07-21');
insert into Agenda(data) values ('2019-07-22');
insert into Agenda(data) values ('2019-07-23');
insert into Agenda(data) values ('2019-07-24');
insert into Agenda(data) values ('2019-07-25');
insert into Agenda(data) values ('2019-07-26');
insert into Agenda(data) values ('2019-07-27');
insert into Agenda(data) values ('2019-07-28');
insert into Agenda(data) values ('2019-07-29');
insert into Agenda(data) values ('2019-07-30');
insert into Agenda(data) values ('2019-07-31');
insert into Agenda(data) values ('2019-08-01');
insert into Agenda(data) values ('2019-08-02');
insert into Agenda(data) values ('2019-08-03');
insert into Agenda(data) values ('2019-08-04');
insert into Agenda(data) values ('2019-08-05');
insert into Agenda(data) values ('2019-08-06');
insert into Agenda(data) values ('2019-08-07');
insert into Agenda(data) values ('2019-08-08');
insert into Agenda(data) values ('2019-08-09');
insert into Agenda(data) values ('2019-08-10');
insert into Agenda(data) values ('2019-08-11');
insert into Agenda(data) values ('2019-08-12');
insert into Agenda(data) values ('2019-08-13');
insert into Agenda(data) values ('2019-08-14');
insert into Agenda(data) values ('2019-08-15');
insert into Agenda(data) values ('2019-08-16');
insert into Agenda(data) values ('2019-08-17');
insert into Agenda(data) values ('2019-08-18');
insert into Agenda(data) values ('2019-08-19');
insert into Agenda(data) values ('2019-08-20');
insert into Agenda(data) values ('2019-08-21');
insert into Agenda(data) values ('2019-08-22');
insert into Agenda(data) values ('2019-08-23');
insert into Agenda(data) values ('2019-08-24');
insert into Agenda(data) values ('2019-08-25');
insert into Agenda(data) values ('2019-08-26');
insert into Agenda(data) values ('2019-08-27');
insert into Agenda(data) values ('2019-08-28');
insert into Agenda(data) values ('2019-08-29');
insert into Agenda(data) values ('2019-08-30');
insert into Agenda(data) values ('2019-08-31');
insert into Agenda(data) values ('2019-09-01');
insert into Agenda(data) values ('2019-09-02');
insert into Agenda(data) values ('2019-09-03');
insert into Agenda(data) values ('2019-09-04');
insert into Agenda(data) values ('2019-09-05');
insert into Agenda(data) values ('2019-09-06');
insert into Agenda(data) values ('2019-09-07');
insert into Agenda(data) values ('2019-09-08');
insert into Agenda(data) values ('2019-09-09');
insert into Agenda(data) values ('2019-09-10');
insert into Agenda(data) values ('2019-09-11');
insert into Agenda(data) values ('2019-09-12');
insert into Agenda(data) values ('2019-09-13');
insert into Agenda(data) values ('2019-09-14');
insert into Agenda(data) values ('2019-09-15');
insert into Agenda(data) values ('2019-09-16');
insert into Agenda(data) values ('2019-09-17');
insert into Agenda(data) values ('2019-09-18');
insert into Agenda(data) values ('2019-09-19');
insert into Agenda(data) values ('2019-09-20');
insert into Agenda(data) values ('2019-09-21');
insert into Agenda(data) values ('2019-09-22');
insert into Agenda(data) values ('2019-09-23');
insert into Agenda(data) values ('2019-09-24');
insert into Agenda(data) values ('2019-09-25');
insert into Agenda(data) values ('2019-09-26');
insert into Agenda(data) values ('2019-09-27');
insert into Agenda(data) values ('2019-09-28');
insert into Agenda(data) values ('2019-09-29');
insert into Agenda(data) values ('2019-09-30');

insert into Pais(idPais, nome) values (1,"Portugal");
insert into Pais(idPais, nome) values (2,"Estados Unidos");
insert into Pais(idPais, nome) values (3,"Espanha");
insert into Pais(idPais, nome) values (4,"França");
insert into Pais(idPais, nome) values (5,"Inglaterra");
insert into Pais(idPais, nome) values (6,"Italia");
insert into Pais(idPais, nome) values (7,"Japao");
insert into Pais(idPais, nome) values (8,"Angola");
insert into Pais(idPais, nome) values (9,"Australia");

insert into Cidade(idCidade, nome, idPais) values(1,"Porto", 1);
insert into Cidade(idCidade, nome, idPais) values(2,"Lisboa", 1);
insert into Cidade(idCidade, nome, idPais) values(3,"Braga", 1);
insert into Cidade(idCidade, nome, idPais) values(4,"Felgueiras", 1);
insert into Cidade(idCidade, nome, idPais) values(5,"Fafe", 1);
insert into Cidade(idCidade, nome, idPais) values(6,"Aveiro", 1);
insert into Cidade(idCidade, nome, idPais) values(7,"Portimao", 1);
insert into Cidade(idCidade, nome, idPais) values(8,"Alentejo", 1);
insert into Cidade(idCidade, nome, idPais) values(9,"Porto", 1);
insert into Cidade(idCidade, nome, idPais) values(10,"Nova Iorque", 2);
insert into Cidade(idCidade, nome, idPais) values(11,"Madrid", 3);
insert into Cidade(idCidade, nome, idPais) values(12,"Paris", 4);
insert into Cidade(idCidade, nome, idPais) values(13,"Londres", 5);
insert into Cidade(idCidade, nome, idPais) values(14,"Roma", 6);
insert into Cidade(idCidade, nome, idPais) values(15,"Toquio", 7);
insert into Cidade(idCidade, nome, idPais) values(16,"Luanda", 8);
insert into Cidade(idCidade, nome, idPais) values(17,"Sydney", 9);

insert into Utilizador (idUtilizador, nome, dataNascimento, email, telefone, morada, codigoPostal, idPais) values (1,"José Ribeiro", "1967-05-23", "jribeiro@gmail.com", "+351925317443", "Rua das Flores, 12", "4500-200", 1);
insert into Utilizador (idUtilizador, nome, dataNascimento, email, telefone, morada, codigoPostal, idPais) values (2,"Stuart Little", "1950-07-09", "slittle@gmail.com", "+1-541-754-3010", "2201 N American St, Philadelphia", "PA 19133", 2);
insert into Utilizador (idUtilizador, nome, dataNascimento, email, telefone, morada, codigoPostal, idPais) values (3,"Marta Silva", "1985-01-09", "msilva15@gmail.com", "+351914327743", "Rua do Sol, 215", "4520-330", 1);
insert into Utilizador (idUtilizador, nome, dataNascimento, email, telefone, morada, codigoPostal, idPais) values (4,"Ricardo Sousa", "2000-12-23", "rsousa@gmail.com", "+351965497443", "Rua da Alegria, 314", "4320-900", 1);
insert into Utilizador (idUtilizador, nome, dataNascimento, email, telefone, morada, codigoPostal, idPais) values (5,"Penélope Cruz", "1974-04-28", "pcruz@gmail.com", "+3437913627", "Calle de los Embajadores 1633, Madrid", "28045", 3);
insert into Utilizador (idUtilizador, nome, dataNascimento, email, telefone, morada, codigoPostal, idPais) values (6,"Kit Harington", "1986-12-26", "kharington@gmail.com", "+448235742", "6232 Tottenham Court Rd, London", "A400", 5);
insert into Utilizador (idUtilizador, nome, dataNascimento, email, telefone, morada, codigoPostal, idPais) values (7,"Monica Bellucci", "1964-09-30", "mbelluci@gmail.com", "+3903654727", "Viale Aurelio Saffi 25, Roma", "00152", 6);
insert into Utilizador (idUtilizador, nome, dataNascimento, email, telefone, morada, codigoPostal, idPais) values (8,"Chris Hemsworth", "1983-08-11", "chemsworth@gmail.com", "+618362842", "1651 Bunker Rd, Sydney", "NSW 2199", 9);
insert into Anfitriao (idAnfitriao, classificacaoAnfitriao) values (1, NULL); 
insert into Anfitriao (idAnfitriao, classificacaoAnfitriao) values (2, NULL);
insert into Anfitriao (idAnfitriao, classificacaoAnfitriao) values (3, NULL);
insert into Cliente (idCliente, ClassificacaoCliente) values (1, NULL);
insert into Cliente (idCliente, ClassificacaoCliente) values (3, NULL);
insert into Cliente (idCliente, ClassificacaoCliente) values (4, NULL); 
insert into Cliente (idCliente, ClassificacaoCliente) values (5, NULL);
insert into Cliente (idCliente, ClassificacaoCliente) values (6, NULL);
insert into Cliente (idCliente, ClassificacaoCliente) values (7, NULL);
insert into Cliente (idCliente, ClassificacaoCliente) values (8, NULL);

insert into MetodoDePagamento(idMetodo,nome) values(1,"Multibanco");
insert into MetodoDePagamento(idMetodo,nome) values(2,"MB Way");
insert into MetodoDePagamento(idMetodo,nome) values(3,"Transferencia Bancaria");
insert into MetodoDePagamento(idMetodo,nome) values(4,"PayPal");
insert into MetodoDePagamento(idMetodo,nome) values(5,"Cartao de Credito");

insert into Aceita(anfitriao, idMetodo) values (1, 2);
insert into Aceita(anfitriao, idMetodo) values (1, 4);
insert into Aceita(anfitriao, idMetodo) values (1, 5);
insert into Aceita(anfitriao, idMetodo) values (2, 4);
insert into Aceita(anfitriao, idMetodo) values (2, 5);
insert into Aceita(anfitriao, idMetodo) values (2, 3);

insert into Comodidade(idComodidade,nome) values(1,"Cozinha equipada");
insert into Comodidade(idComodidade,nome) values(2,"Internet gratuita");
insert into Comodidade(idComodidade,nome) values(3,"TV por cabo");
insert into Comodidade(idComodidade,nome) values(4,"Roupa de cama");
insert into Comodidade(idComodidade,nome) values(5,"Barbecue");
insert into Comodidade(idComodidade,nome) values(6,"Maquina de Lavar Roupa");
insert into Comodidade(idComodidade,nome) values(7,"Maquina de Lavar Louca");
insert into Comodidade(idComodidade,nome) values(8,"Ferro de Engomar");
insert into Comodidade(idComodidade,nome) values(9,"Casa de Banho Privada");
insert into Comodidade(idComodidade,nome) values(10,"Piscina Exterior");
insert into Comodidade(idComodidade,nome) values(11,"Piscina Interior");
insert into Comodidade(idComodidade,nome) values(12,"Jacuzzi");

insert into TipoDeHabitacao(idTipo,nome) values (1,"Apartamento");
insert into TipoDeHabitacao(idTipo,nome) values (2,"Casa");
insert into TipoDeHabitacao(idTipo,nome) values (3,"Bungalow");
insert into TipoDeHabitacao(idTipo,nome) values (4,"Tenda");
insert into TipoDeHabitacao(idTipo,nome) values (5,"Quarto de Hotel");
insert into TipoDeHabitacao(idTipo,nome) values (6,"Quarto Privado");
insert into TipoDeHabitacao(idTipo,nome) values (7,"Quarto Partilhado");
insert into TipoDeHabitacao(idTipo,nome) values (8,"Hostel");

insert into PoliticaDeCancelamento(idPolitica, nome, descricao, percentagemReembolso) values(1,"Flexivel", " Reembolso total das taxas de alojamento e limpeza.", 1);
insert into PoliticaDeCancelamento(idPolitica, nome, descricao, percentagemReembolso) values(2,"Moderada", "Reembolso de 50% das taxas de alojamento e limpeza.", 0.5);
insert into PoliticaDeCancelamento(idPolitica, nome, descricao, percentagemReembolso) values(3,"Rigida", "Reembolso de 25% das taxas de alojamento e limpeza.",0.25);
insert into PoliticaDeCancelamento(idPolitica, nome, descricao, percentagemReembolso) values(4,"Super Rigida", "Nao reembolsavel", 0);

insert into Habitacao(idHabitacao,numQuartos, maxHospedes,morada, distCentro,precoNoite, taxaLimpeza, classificacaoHabitacao, idCidade, idTipo, idPolitica) values (1,3,7,"Av. Afonso Henriques 9035",5, 35, 15, NULL, 7, 2,4);
insert into Habitacao(idHabitacao,numQuartos, maxHospedes,morada, distCentro,precoNoite, taxaLimpeza, classificacaoHabitacao, idCidade, idTipo, idPolitica) values (2,5,10,"Rua S. Caetano, s/n",10, 40, 8, NULL, 8, 2,1);
insert into Habitacao(idHabitacao,numQuartos, maxHospedes,morada, distCentro,precoNoite, taxaLimpeza, classificacaoHabitacao, idCidade, idTipo, idPolitica) values (3,1,2,"Rua da Boavista",1, 35, 50, NULL, 1, 6,3);
insert into Habitacao(idHabitacao,numQuartos, maxHospedes,morada, distCentro,precoNoite, taxaLimpeza, classificacaoHabitacao, idCidade, idTipo, idPolitica) values (4,1,1,"Praceta Joao XXI",7, 80, 5, NULL, 3, 5,2);

insert into Disponivel (idHabitacao, data) values (1, '2019-06-01');   
insert into Disponivel (idHabitacao, data) values (1, '2019-06-02');
insert into Disponivel (idHabitacao, data) values (1, '2019-06-03');
insert into Disponivel (idHabitacao, data) values (1, '2019-06-04');
insert into Disponivel (idHabitacao, data) values (1, '2019-06-05');
insert into Disponivel (idHabitacao, data) values (1, '2019-06-06');
insert into Disponivel (idHabitacao, data) values (1, '2019-06-07');
insert into Disponivel (idHabitacao, data) values (1, '2019-06-08');
insert into Disponivel (idHabitacao, data) values (1, '2019-06-09');
insert into Disponivel (idHabitacao, data) values (1, '2019-06-10');
insert into Disponivel (idHabitacao, data) values (1, '2019-06-11');
insert into Disponivel (idHabitacao, data) values (1, '2019-06-12');
insert into Disponivel (idHabitacao, data) values (1, '2019-06-13');
insert into Disponivel (idHabitacao, data) values (1, '2019-06-14');
insert into Disponivel (idHabitacao, data) values (1, '2019-06-15');
insert into Disponivel (idHabitacao, data) values (1, '2019-06-16');
insert into Disponivel (idHabitacao, data) values (1, '2019-06-17');
insert into Disponivel (idHabitacao, data) values (1, '2019-06-18');
insert into Disponivel (idHabitacao, data) values (1, '2019-06-19');
insert into Disponivel (idHabitacao, data) values (1, '2019-06-20');
insert into Disponivel (idHabitacao, data) values (1, '2019-06-21');
insert into Disponivel (idHabitacao, data) values (1, '2019-06-22');
insert into Disponivel (idHabitacao, data) values (1, '2019-06-23');
insert into Disponivel (idHabitacao, data) values (1, '2019-06-24');
insert into Disponivel (idHabitacao, data) values (1, '2019-06-25');
insert into Disponivel (idHabitacao, data) values (1, '2019-06-26');
insert into Disponivel (idHabitacao, data) values (1, '2019-06-27');
insert into Disponivel (idHabitacao, data) values (1, '2019-06-28');
insert into Disponivel (idHabitacao, data) values (1, '2019-06-29');
insert into Disponivel (idHabitacao, data) values (1, '2019-06-30');
insert into Disponivel (idHabitacao, data) values (1, '2019-07-01');   
insert into Disponivel (idHabitacao, data) values (1, '2019-07-02');
insert into Disponivel (idHabitacao, data) values (1, '2019-07-03');
insert into Disponivel (idHabitacao, data) values (1, '2019-07-04');
insert into Disponivel (idHabitacao, data) values (1, '2019-07-05');
insert into Disponivel (idHabitacao, data) values (1, '2019-07-06');
insert into Disponivel (idHabitacao, data) values (1, '2019-07-07');
insert into Disponivel (idHabitacao, data) values (1, '2019-07-08');
insert into Disponivel (idHabitacao, data) values (1, '2019-07-09');
insert into Disponivel (idHabitacao, data) values (1, '2019-07-10');
insert into Disponivel (idHabitacao, data) values (1, '2019-07-11');
insert into Disponivel (idHabitacao, data) values (1, '2019-07-12');
insert into Disponivel (idHabitacao, data) values (1, '2019-07-13');
insert into Disponivel (idHabitacao, data) values (1, '2019-07-14');
insert into Disponivel (idHabitacao, data) values (1, '2019-07-15');
insert into Disponivel (idHabitacao, data) values (1, '2019-07-16');
insert into Disponivel (idHabitacao, data) values (1, '2019-07-17');
insert into Disponivel (idHabitacao, data) values (1, '2019-07-18');
insert into Disponivel (idHabitacao, data) values (1, '2019-07-19');
insert into Disponivel (idHabitacao, data) values (1, '2019-07-20');
insert into Disponivel (idHabitacao, data) values (1, '2019-07-21');
insert into Disponivel (idHabitacao, data) values (1, '2019-07-22');
insert into Disponivel (idHabitacao, data) values (1, '2019-07-23');
insert into Disponivel (idHabitacao, data) values (1, '2019-07-24');
insert into Disponivel (idHabitacao, data) values (1, '2019-07-25');
insert into Disponivel (idHabitacao, data) values (1, '2019-07-26');
insert into Disponivel (idHabitacao, data) values (1, '2019-07-27');
insert into Disponivel (idHabitacao, data) values (1, '2019-07-28');
insert into Disponivel (idHabitacao, data) values (1, '2019-07-29');
insert into Disponivel (idHabitacao, data) values (1, '2019-07-30');
insert into Disponivel (idHabitacao, data) values (1, '2019-07-31');
insert into Disponivel (idHabitacao, data) values (2, '2019-06-01');
insert into Disponivel (idHabitacao, data) values (2, '2019-06-02');
insert into Disponivel (idHabitacao, data) values (2, '2019-06-03');
insert into Disponivel (idHabitacao, data) values (2, '2019-06-04');
insert into Disponivel (idHabitacao, data) values (2, '2019-06-05');
insert into Disponivel (idHabitacao, data) values (2, '2019-06-06');
insert into Disponivel (idHabitacao, data) values (2, '2019-06-07');
insert into Disponivel (idHabitacao, data) values (2, '2019-06-08');
insert into Disponivel (idHabitacao, data) values (2, '2019-06-09');
insert into Disponivel (idHabitacao, data) values (2, '2019-06-10');
insert into Disponivel (idHabitacao, data) values (2, '2019-06-11');
insert into Disponivel (idHabitacao, data) values (2, '2019-06-12');
insert into Disponivel (idHabitacao, data) values (2, '2019-06-13');
insert into Disponivel (idHabitacao, data) values (2, '2019-06-14');
insert into Disponivel (idHabitacao, data) values (2, '2019-06-15');
insert into Disponivel (idHabitacao, data) values (2, '2019-06-16');
insert into Disponivel (idHabitacao, data) values (2, '2019-06-17');
insert into Disponivel (idHabitacao, data) values (2, '2019-06-18');
insert into Disponivel (idHabitacao, data) values (2, '2019-06-19');
insert into Disponivel (idHabitacao, data) values (2, '2019-06-20');
insert into Disponivel (idHabitacao, data) values (2, '2019-06-21');
insert into Disponivel (idHabitacao, data) values (2, '2019-06-22');
insert into Disponivel (idHabitacao, data) values (2, '2019-06-23');
insert into Disponivel (idHabitacao, data) values (2, '2019-06-24');
insert into Disponivel (idHabitacao, data) values (2, '2019-06-25');
insert into Disponivel (idHabitacao, data) values (2, '2019-06-26');
insert into Disponivel (idHabitacao, data) values (2, '2019-06-27');
insert into Disponivel (idHabitacao, data) values (2, '2019-06-28');
insert into Disponivel (idHabitacao, data) values (2, '2019-06-29');
insert into Disponivel (idHabitacao, data) values (2, '2019-06-30');
insert into Disponivel (idHabitacao, data) values (2, '2019-07-01');
insert into Disponivel (idHabitacao, data) values (2, '2019-07-02');
insert into Disponivel (idHabitacao, data) values (2, '2019-07-03');
insert into Disponivel (idHabitacao, data) values (2, '2019-07-04');
insert into Disponivel (idHabitacao, data) values (2, '2019-07-05');
insert into Disponivel (idHabitacao, data) values (2, '2019-07-06');
insert into Disponivel (idHabitacao, data) values (2, '2019-07-07');
insert into Disponivel (idHabitacao, data) values (2, '2019-07-08');
insert into Disponivel (idHabitacao, data) values (2, '2019-07-09');
insert into Disponivel (idHabitacao, data) values (2, '2019-07-10');
insert into Disponivel (idHabitacao, data) values (2, '2019-07-11');
insert into Disponivel (idHabitacao, data) values (2, '2019-07-12');
insert into Disponivel (idHabitacao, data) values (2, '2019-07-13');
insert into Disponivel (idHabitacao, data) values (2, '2019-07-14');
insert into Disponivel (idHabitacao, data) values (2, '2019-07-15');
insert into Disponivel (idHabitacao, data) values (2, '2019-07-16');
insert into Disponivel (idHabitacao, data) values (2, '2019-07-17');
insert into Disponivel (idHabitacao, data) values (2, '2019-07-18');
insert into Disponivel (idHabitacao, data) values (2, '2019-07-19');
insert into Disponivel (idHabitacao, data) values (2, '2019-07-20');
insert into Disponivel (idHabitacao, data) values (2, '2019-07-21');
insert into Disponivel (idHabitacao, data) values (2, '2019-07-22');
insert into Disponivel (idHabitacao, data) values (2, '2019-07-23');
insert into Disponivel (idHabitacao, data) values (2, '2019-07-24');
insert into Disponivel (idHabitacao, data) values (2, '2019-07-25');
insert into Disponivel (idHabitacao, data) values (2, '2019-07-26');
insert into Disponivel (idHabitacao, data) values (2, '2019-07-27');
insert into Disponivel (idHabitacao, data) values (2, '2019-07-28');
insert into Disponivel (idHabitacao, data) values (2, '2019-07-29');
insert into Disponivel (idHabitacao, data) values (2, '2019-07-30');
insert into Disponivel (idHabitacao, data) values (2, '2019-07-31');
insert into Disponivel (idHabitacao, data) values (2, '2019-08-01');
insert into Disponivel (idHabitacao, data) values (2, '2019-08-02');
insert into Disponivel (idHabitacao, data) values (2, '2019-08-03');
insert into Disponivel (idHabitacao, data) values (2, '2019-08-04');
insert into Disponivel (idHabitacao, data) values (2, '2019-08-05');
insert into Disponivel (idHabitacao, data) values (2, '2019-08-06');
insert into Disponivel (idHabitacao, data) values (2, '2019-08-07');
insert into Disponivel (idHabitacao, data) values (2, '2019-08-08');
insert into Disponivel (idHabitacao, data) values (2, '2019-08-09');
insert into Disponivel (idHabitacao, data) values (2, '2019-08-10');
insert into Disponivel (idHabitacao, data) values (2, '2019-08-11');
insert into Disponivel (idHabitacao, data) values (2, '2019-08-12');
insert into Disponivel (idHabitacao, data) values (2, '2019-08-13');
insert into Disponivel (idHabitacao, data) values (2, '2019-08-14');
insert into Disponivel (idHabitacao, data) values (2, '2019-08-15');
insert into Disponivel (idHabitacao, data) values (2, '2019-08-16');
insert into Disponivel (idHabitacao, data) values (2, '2019-08-17');
insert into Disponivel (idHabitacao, data) values (2, '2019-08-18');
insert into Disponivel (idHabitacao, data) values (2, '2019-08-19');
insert into Disponivel (idHabitacao, data) values (2, '2019-08-20');
insert into Disponivel (idHabitacao, data) values (2, '2019-08-21');
insert into Disponivel (idHabitacao, data) values (2, '2019-08-22');
insert into Disponivel (idHabitacao, data) values (2, '2019-08-23');
insert into Disponivel (idHabitacao, data) values (2, '2019-08-24');
insert into Disponivel (idHabitacao, data) values (2, '2019-08-25');
insert into Disponivel (idHabitacao, data) values (2, '2019-08-26');
insert into Disponivel (idHabitacao, data) values (2, '2019-08-27');
insert into Disponivel (idHabitacao, data) values (2, '2019-08-28');
insert into Disponivel (idHabitacao, data) values (2, '2019-08-29');
insert into Disponivel (idHabitacao, data) values (2, '2019-08-30');
insert into Disponivel (idHabitacao, data) values (2, '2019-08-31');
insert into Disponivel (idHabitacao, data) values (3, '2019-05-01');
insert into Disponivel (idHabitacao, data) values (3, '2019-05-02');
insert into Disponivel (idHabitacao, data) values (3, '2019-05-03');
insert into Disponivel (idHabitacao, data) values (3, '2019-05-04');
insert into Disponivel (idHabitacao, data) values (3, '2019-05-05');
insert into Disponivel (idHabitacao, data) values (3, '2019-05-06');
insert into Disponivel (idHabitacao, data) values (3, '2019-05-07');
insert into Disponivel (idHabitacao, data) values (3, '2019-05-08');
insert into Disponivel (idHabitacao, data) values (3, '2019-05-09');
insert into Disponivel (idHabitacao, data) values (3, '2019-05-10');
insert into Disponivel (idHabitacao, data) values (3, '2019-05-11');
insert into Disponivel (idHabitacao, data) values (3, '2019-05-12');
insert into Disponivel (idHabitacao, data) values (3, '2019-05-13');
insert into Disponivel (idHabitacao, data) values (3, '2019-05-14');
insert into Disponivel (idHabitacao, data) values (3, '2019-05-15');
insert into Disponivel (idHabitacao, data) values (3, '2019-05-16');
insert into Disponivel (idHabitacao, data) values (3, '2019-05-17');
insert into Disponivel (idHabitacao, data) values (3, '2019-05-18');
insert into Disponivel (idHabitacao, data) values (3, '2019-05-19');
insert into Disponivel (idHabitacao, data) values (3, '2019-05-20');
insert into Disponivel (idHabitacao, data) values (3, '2019-05-21');
insert into Disponivel (idHabitacao, data) values (3, '2019-05-22');
insert into Disponivel (idHabitacao, data) values (3, '2019-05-23');
insert into Disponivel (idHabitacao, data) values (3, '2019-05-24');
insert into Disponivel (idHabitacao, data) values (3, '2019-05-25');
insert into Disponivel (idHabitacao, data) values (3, '2019-05-26');
insert into Disponivel (idHabitacao, data) values (3, '2019-05-27');
insert into Disponivel (idHabitacao, data) values (3, '2019-05-28');
insert into Disponivel (idHabitacao, data) values (3, '2019-05-29');
insert into Disponivel (idHabitacao, data) values (3, '2019-05-30');
insert into Disponivel (idHabitacao, data) values (3, '2019-05-31');
insert into Disponivel (idHabitacao, data) values (3, '2019-06-01');
insert into Disponivel (idHabitacao, data) values (3, '2019-06-02');
insert into Disponivel (idHabitacao, data) values (3, '2019-06-03');
insert into Disponivel (idHabitacao, data) values (3, '2019-06-04');
insert into Disponivel (idHabitacao, data) values (3, '2019-06-05');
insert into Disponivel (idHabitacao, data) values (3, '2019-06-06');
insert into Disponivel (idHabitacao, data) values (3, '2019-06-07');
insert into Disponivel (idHabitacao, data) values (3, '2019-06-08');
insert into Disponivel (idHabitacao, data) values (3, '2019-06-09');
insert into Disponivel (idHabitacao, data) values (3, '2019-06-10');
insert into Disponivel (idHabitacao, data) values (3, '2019-06-11');
insert into Disponivel (idHabitacao, data) values (3, '2019-06-12');
insert into Disponivel (idHabitacao, data) values (3, '2019-06-13');
insert into Disponivel (idHabitacao, data) values (3, '2019-06-14');
insert into Disponivel (idHabitacao, data) values (3, '2019-06-15');
insert into Disponivel (idHabitacao, data) values (3, '2019-06-16');
insert into Disponivel (idHabitacao, data) values (3, '2019-06-17');
insert into Disponivel (idHabitacao, data) values (3, '2019-06-18');
insert into Disponivel (idHabitacao, data) values (3, '2019-06-19');
insert into Disponivel (idHabitacao, data) values (3, '2019-06-20');
insert into Disponivel (idHabitacao, data) values (3, '2019-06-21');
insert into Disponivel (idHabitacao, data) values (3, '2019-06-22');
insert into Disponivel (idHabitacao, data) values (3, '2019-06-23');
insert into Disponivel (idHabitacao, data) values (3, '2019-06-24');
insert into Disponivel (idHabitacao, data) values (3, '2019-06-25');
insert into Disponivel (idHabitacao, data) values (3, '2019-06-26');
insert into Disponivel (idHabitacao, data) values (3, '2019-06-27');
insert into Disponivel (idHabitacao, data) values (3, '2019-06-28');
insert into Disponivel (idHabitacao, data) values (3, '2019-06-29');
insert into Disponivel (idHabitacao, data) values (3, '2019-06-30');
insert into Disponivel (idHabitacao, data) values (3, '2019-07-01');
insert into Disponivel (idHabitacao, data) values (3, '2019-07-02');
insert into Disponivel (idHabitacao, data) values (3, '2019-07-03');
insert into Disponivel (idHabitacao, data) values (3, '2019-07-04');
insert into Disponivel (idHabitacao, data) values (3, '2019-07-05');
insert into Disponivel (idHabitacao, data) values (3, '2019-07-06');
insert into Disponivel (idHabitacao, data) values (3, '2019-07-07');
insert into Disponivel (idHabitacao, data) values (3, '2019-07-08');
insert into Disponivel (idHabitacao, data) values (3, '2019-07-09');
insert into Disponivel (idHabitacao, data) values (3, '2019-07-10');
insert into Disponivel (idHabitacao, data) values (3, '2019-07-11');
insert into Disponivel (idHabitacao, data) values (3, '2019-07-12');
insert into Disponivel (idHabitacao, data) values (3, '2019-07-13');
insert into Disponivel (idHabitacao, data) values (3, '2019-07-14');
insert into Disponivel (idHabitacao, data) values (3, '2019-07-15');
insert into Disponivel (idHabitacao, data) values (3, '2019-07-16');
insert into Disponivel (idHabitacao, data) values (3, '2019-07-17');
insert into Disponivel (idHabitacao, data) values (3, '2019-07-18');
insert into Disponivel (idHabitacao, data) values (3, '2019-07-19');
insert into Disponivel (idHabitacao, data) values (3, '2019-07-20');
insert into Disponivel (idHabitacao, data) values (3, '2019-07-21');
insert into Disponivel (idHabitacao, data) values (3, '2019-07-22');
insert into Disponivel (idHabitacao, data) values (3, '2019-07-23');
insert into Disponivel (idHabitacao, data) values (3, '2019-07-24');
insert into Disponivel (idHabitacao, data) values (3, '2019-07-25');
insert into Disponivel (idHabitacao, data) values (3, '2019-07-26');
insert into Disponivel (idHabitacao, data) values (3, '2019-07-27');
insert into Disponivel (idHabitacao, data) values (3, '2019-07-28');
insert into Disponivel (idHabitacao, data) values (3, '2019-07-29');
insert into Disponivel (idHabitacao, data) values (3, '2019-07-30');
insert into Disponivel (idHabitacao, data) values (3, '2019-07-31');
insert into Disponivel (idHabitacao, data) values (3, '2019-08-01');
insert into Disponivel (idHabitacao, data) values (3, '2019-08-02');
insert into Disponivel (idHabitacao, data) values (3, '2019-08-03');
insert into Disponivel (idHabitacao, data) values (3, '2019-08-04');
insert into Disponivel (idHabitacao, data) values (3, '2019-08-05');
insert into Disponivel (idHabitacao, data) values (3, '2019-08-06');
insert into Disponivel (idHabitacao, data) values (3, '2019-08-07');
insert into Disponivel (idHabitacao, data) values (3, '2019-08-08');
insert into Disponivel (idHabitacao, data) values (3, '2019-08-09');
insert into Disponivel (idHabitacao, data) values (3, '2019-08-10');
insert into Disponivel (idHabitacao, data) values (3, '2019-08-11');
insert into Disponivel (idHabitacao, data) values (3, '2019-08-12');
insert into Disponivel (idHabitacao, data) values (3, '2019-08-13');
insert into Disponivel (idHabitacao, data) values (3, '2019-08-14');
insert into Disponivel (idHabitacao, data) values (3, '2019-08-15');
insert into Disponivel (idHabitacao, data) values (3, '2019-08-16');
insert into Disponivel (idHabitacao, data) values (3, '2019-08-17');
insert into Disponivel (idHabitacao, data) values (3, '2019-08-18');
insert into Disponivel (idHabitacao, data) values (3, '2019-08-19');
insert into Disponivel (idHabitacao, data) values (3, '2019-08-20');
insert into Disponivel (idHabitacao, data) values (3, '2019-08-21');
insert into Disponivel (idHabitacao, data) values (3, '2019-08-22');
insert into Disponivel (idHabitacao, data) values (3, '2019-08-23');
insert into Disponivel (idHabitacao, data) values (3, '2019-08-24');
insert into Disponivel (idHabitacao, data) values (3, '2019-08-25');
insert into Disponivel (idHabitacao, data) values (3, '2019-08-26');
insert into Disponivel (idHabitacao, data) values (3, '2019-08-27');
insert into Disponivel (idHabitacao, data) values (3, '2019-08-28');
insert into Disponivel (idHabitacao, data) values (3, '2019-08-29');
insert into Disponivel (idHabitacao, data) values (3, '2019-08-30');
insert into Disponivel (idHabitacao, data) values (3, '2019-08-31');
insert into Disponivel (idHabitacao, data) values (3, '2019-09-01');
insert into Disponivel (idHabitacao, data) values (3, '2019-09-02');
insert into Disponivel (idHabitacao, data) values (3, '2019-09-03');
insert into Disponivel (idHabitacao, data) values (3, '2019-09-04');
insert into Disponivel (idHabitacao, data) values (3, '2019-09-05');
insert into Disponivel (idHabitacao, data) values (3, '2019-09-06');
insert into Disponivel (idHabitacao, data) values (3, '2019-09-07');
insert into Disponivel (idHabitacao, data) values (3, '2019-09-08');
insert into Disponivel (idHabitacao, data) values (3, '2019-09-09');
insert into Disponivel (idHabitacao, data) values (3, '2019-09-10');
insert into Disponivel (idHabitacao, data) values (3, '2019-09-11');
insert into Disponivel (idHabitacao, data) values (3, '2019-09-12');
insert into Disponivel (idHabitacao, data) values (3, '2019-09-13');
insert into Disponivel (idHabitacao, data) values (3, '2019-09-14');
insert into Disponivel (idHabitacao, data) values (3, '2019-09-15');
insert into Disponivel (idHabitacao, data) values (3, '2019-09-16');
insert into Disponivel (idHabitacao, data) values (3, '2019-09-17');
insert into Disponivel (idHabitacao, data) values (3, '2019-09-18');
insert into Disponivel (idHabitacao, data) values (3, '2019-09-19');
insert into Disponivel (idHabitacao, data) values (3, '2019-09-20');
insert into Disponivel (idHabitacao, data) values (3, '2019-09-21');
insert into Disponivel (idHabitacao, data) values (3, '2019-09-22');
insert into Disponivel (idHabitacao, data) values (3, '2019-09-23');
insert into Disponivel (idHabitacao, data) values (3, '2019-09-24');
insert into Disponivel (idHabitacao, data) values (3, '2019-09-25');
insert into Disponivel (idHabitacao, data) values (3, '2019-09-26');
insert into Disponivel (idHabitacao, data) values (3, '2019-09-27');
insert into Disponivel (idHabitacao, data) values (3, '2019-09-28');
insert into Disponivel (idHabitacao, data) values (3, '2019-09-29');
insert into Disponivel (idHabitacao, data) values (3, '2019-09-30');
insert into Disponivel (idHabitacao, data) values (4, '2019-07-01');
insert into Disponivel (idHabitacao, data) values (4, '2019-07-02');
insert into Disponivel (idHabitacao, data) values (4, '2019-07-03');
insert into Disponivel (idHabitacao, data) values (4, '2019-07-04');
insert into Disponivel (idHabitacao, data) values (4, '2019-07-05');
insert into Disponivel (idHabitacao, data) values (4, '2019-07-06');
insert into Disponivel (idHabitacao, data) values (4, '2019-07-07');
insert into Disponivel (idHabitacao, data) values (4, '2019-07-08');
insert into Disponivel (idHabitacao, data) values (4, '2019-07-09');
insert into Disponivel (idHabitacao, data) values (4, '2019-07-10');
insert into Disponivel (idHabitacao, data) values (4, '2019-07-11');
insert into Disponivel (idHabitacao, data) values (4, '2019-07-12');
insert into Disponivel (idHabitacao, data) values (4, '2019-07-13');
insert into Disponivel (idHabitacao, data) values (4, '2019-07-14');
insert into Disponivel (idHabitacao, data) values (4, '2019-07-15');
insert into Disponivel (idHabitacao, data) values (4, '2019-07-16');
insert into Disponivel (idHabitacao, data) values (4, '2019-07-17');
insert into Disponivel (idHabitacao, data) values (4, '2019-07-18');
insert into Disponivel (idHabitacao, data) values (4, '2019-07-19');
insert into Disponivel (idHabitacao, data) values (4, '2019-07-20');
insert into Disponivel (idHabitacao, data) values (4, '2019-07-21');
insert into Disponivel (idHabitacao, data) values (4, '2019-07-22');
insert into Disponivel (idHabitacao, data) values (4, '2019-07-23');
insert into Disponivel (idHabitacao, data) values (4, '2019-07-24');
insert into Disponivel (idHabitacao, data) values (4, '2019-07-25');
insert into Disponivel (idHabitacao, data) values (4, '2019-07-26');
insert into Disponivel (idHabitacao, data) values (4, '2019-07-27');
insert into Disponivel (idHabitacao, data) values (4, '2019-07-28');
insert into Disponivel (idHabitacao, data) values (4, '2019-07-29');
insert into Disponivel (idHabitacao, data) values (4, '2019-07-30');
insert into Disponivel (idHabitacao, data) values (4, '2019-07-31');

insert into Dispoe (idComodidade, idHabitacao) values (1,1);
insert into Dispoe (idComodidade, idHabitacao) values (2,1);
insert into Dispoe (idComodidade, idHabitacao) values (9,1);
insert into Dispoe (idComodidade, idHabitacao) values (12,1);
insert into Dispoe (idComodidade, idHabitacao) values (11,1);
insert into Dispoe (idComodidade, idHabitacao) values (7,1);
insert into Dispoe (idComodidade, idHabitacao) values (1,3);
insert into Dispoe (idComodidade, idHabitacao) values (2,3);
insert into Dispoe (idComodidade, idHabitacao) values (3,3);
insert into Dispoe (idComodidade, idHabitacao) values (4,3);
insert into Dispoe (idComodidade, idHabitacao) values (5,3);
insert into Dispoe (idComodidade, idHabitacao) values (6,3);
insert into Dispoe (idComodidade, idHabitacao) values (8,3);
insert into Dispoe (idComodidade, idHabitacao) values (9,3);
insert into Dispoe (idComodidade, idHabitacao) values (9,4);
insert into Dispoe (idComodidade, idHabitacao) values (11,4);

insert into Favorito(idCliente, idHabitacao) values (4, 3);
insert into Favorito(idCliente, idHabitacao) values (4, 4);
insert into Favorito(idCliente, idHabitacao) values (1, 1);
insert into Favorito(idCliente, idHabitacao) values (1, 2);
insert into Favorito(idCliente, idHabitacao) values (3, 2);
insert into Favorito(idCliente, idHabitacao) values (3, 3);

insert into Fotografia(urlImagem,legenda, idHabitacao) values ("bit.ly/jHDSA", "Cozinha", 1);
insert into Fotografia(urlImagem,legenda, idHabitacao) values ("bit.ly/Ohds", "Jacuzzi", 1);
insert into Fotografia(urlImagem,legenda, idHabitacao) values ("bit.ly/OhMt", "Piscina Interior", 1);
insert into Fotografia(urlImagem,legenda, idHabitacao) values ("bit.ly/GtdsaeIy", "Quarto 1", 1);
insert into Fotografia(urlImagem,legenda, idHabitacao) values ("bit.ly/GtdsaTUR", "Quarto 2", 1);
insert into Fotografia(urlImagem,legenda, idHabitacao) values ("bit.ly/BmsTreW", "Quarto 3", 1);
insert into Fotografia(urlImagem,legenda, idHabitacao) values ("bit.ly/MerCBrt", "Quarto 1", 2);
insert into Fotografia(urlImagem,legenda, idHabitacao) values ("bit.ly/TypiwQ", "Quarto 2", 2);
insert into Fotografia(urlImagem,legenda, idHabitacao) values ("bit.ly/TydsbeT", "Quarto 3", 2);
insert into Fotografia(urlImagem,legenda, idHabitacao) values ("bit.ly/GkdsaPY", "Quarto 4", 2);
insert into Fotografia(urlImagem,legenda, idHabitacao) values ("bit.ly/GkdsaY", "Quarto 5", 2);
insert into Fotografia(urlImagem,legenda, idHabitacao) values ("bit.ly/GkYxZ", "Cozinha", 3);
insert into Fotografia(urlImagem,legenda, idHabitacao) values ("bit.ly/ZwTub", "Barbecue", 3);
insert into Fotografia(urlImagem,legenda, idHabitacao) values ("bit.ly/Hjuy", "Quarto", 3);
insert into Fotografia(urlImagem,legenda, idHabitacao) values ("bit.ly/Hjdsj", "Casa de Banho", 4);
insert into Fotografia(urlImagem,legenda, idHabitacao) values ("bit.ly/HDAfhd", "Casa de Banho", 4);
insert into Fotografia(urlImagem,legenda, idHabitacao) values ("bit.ly/HjhFEH", "Piscina Interior", 4);

insert into Possui(idAnfitriao, idHabitacao) values(1, 4);
insert into Possui(idAnfitriao, idHabitacao) values(2, 2);
insert into Possui(idAnfitriao, idHabitacao) values(2, 1);
insert into Possui(idAnfitriao, idHabitacao) values(3, 3);

insert into Estado(idEstado,estado) values(0,"Concluida");
insert into Estado(idEstado,estado) values(1,"Em espera");
insert into Estado(idEstado,estado) values(2,"A decorrer");

insert into Reserva(idReserva, dataCheckIn, dataCheckOut, numHospedes, precoTotal, idHabitacao, idEstado) values (1, '2019-06-20', '2019-06-27', 6, 260, 1, 0);
insert into Reserva(idReserva, dataCheckIn, dataCheckOut, numHospedes, precoTotal, idHabitacao, idEstado) values (2, '2019-07-02', '2019-07-15', 1, 80, 4, 1);
insert into Reserva(idReserva, dataCheckIn, dataCheckOut, numHospedes, precoTotal, idHabitacao, idEstado) values (3, '2019-05-03', '2019-08-03', 1, 3235, 3, 2);
insert into Reserva(idReserva, dataCheckIn, dataCheckOut, numHospedes, precoTotal, idHabitacao, idEstado) values (4, '2019-06-28', '2019-06-29', 6, 260, 1, 0);
insert into Reserva(idReserva, dataCheckIn, dataCheckOut, numHospedes, precoTotal, idHabitacao, idEstado) values (5, '2019-06-30', '2019-07-01', 6, 260, 2, 0);

insert into EscolhidoPeloCliente(idMetodo, idReserva) values(2, 2);
insert into EscolhidoPeloCliente(idMetodo, idReserva) values(4, 3);
insert into EscolhidoPeloCliente(idMetodo, idReserva) values(3, 1);

insert into Efetua(idCliente, idReserva) values (3, 1);
insert into Efetua(idCliente, idReserva) values (4, 2);
insert into Efetua(idCliente, idReserva) values (1, 3);
insert into Efetua(idCliente, idReserva) values (5, 4);
insert into Efetua(idCliente, idReserva) values (6, 5);

insert into Cancelamento(reembolso, idCliente, idReserva) values (260, 3, 2);

insert into ClassificacaoPorAnfitriao(classificacao, descricao, idReserva, idAnfitriao) values (4, "Cliente muito simpatico e compreensivo. Otimo hospede!", 1, 2);
insert into ClassificacaoPorAnfitriao(classificacao, descricao, idReserva, idAnfitriao) values (5, "Cliente responsável e limpo. Recomendo", 2, 1);

insert into ClassificacaoPorCliente(limpeza, valor, checkIn, localizacao, outros, classificacaoAnfitriao, descricaoAnfitriao, idReserva, idCliente) values (3,5,5,3,NULL,2,"Anfitriao bastante conflituoso, não regressarei a nenhuma das suas habitações.", 2, 4);
insert into ClassificacaoPorCliente(limpeza, valor, checkIn, localizacao, outros, classificacaoAnfitriao, descricaoAnfitriao, idReserva, idCliente) values (5,4,4,3,NULL,5,"Anfitriao pouco atencioso em local pouco amigável o que levou a alguns problemas", 3, 1);